"group_code","group_name","country_code"
"African Union","African Union","AO"
"African Union","African Union","BF"
"African Union","African Union","BI"
"African Union","African Union","BJ"
"African Union","African Union","BW"
"African Union","African Union","CD"
"African Union","African Union","CF"
"African Union","African Union","CG"
"African Union","African Union","CI"
"African Union","African Union","CM"
"African Union","African Union","CV"
"African Union","African Union","DJ"
"African Union","African Union","DZ"
"African Union","African Union","EG"
"African Union","African Union","EH"
"African Union","African Union","ER"
"African Union","African Union","ET"
"African Union","African Union","GA"
"African Union","African Union","GH"
"African Union","African Union","GM"
"African Union","African Union","GN"
"African Union","African Union","GQ"
"African Union","African Union","GW"
"African Union","African Union","KE"
"African Union","African Union","KM"
"African Union","African Union","LR"
"African Union","African Union","LS"
"African Union","African Union","LY"
"African Union","African Union","MA"
"African Union","African Union","MG"
"African Union","African Union","ML"
"African Union","African Union","MR"
"African Union","African Union","MU"
"African Union","African Union","MW"
"African Union","African Union","MZ"
"African Union","African Union","NA"
"African Union","African Union","NE"
"African Union","African Union","NG"
"African Union","African Union","RW"
"African Union","African Union","SC"
"African Union","African Union","SD"
"African Union","African Union","SL"
"African Union","African Union","SN"
"African Union","African Union","SO"
"African Union","African Union","SS"
"African Union","African Union","ST"
"African Union","African Union","SZ"
"African Union","African Union","TD"
"African Union","African Union","TG"
"African Union","African Union","TN"
"African Union","African Union","TZ"
"African Union","African Union","UG"
"African Union","African Union","ZA"
"African Union","African Union","ZM"
"African Union","African Union","ZW"
"Americas","Americas","AG"
"Americas","Americas","AI"
"Americas","Americas","AR"
"Americas","Americas","AW"
"Americas","Americas","BB"
"Americas","Americas","BL"
"Americas","Americas","BM"
"Americas","Americas","BO"
"Americas","Americas","BQ"
"Americas","Americas","BR"
"Americas","Americas","BS"
"Americas","Americas","BV"
"Americas","Americas","BZ"
"Americas","Americas","CA"
"Americas","Americas","CL"
"Americas","Americas","CO"
"Americas","Americas","CR"
"Americas","Americas","CU"
"Americas","Americas","CW"
"Americas","Americas","DM"
"Americas","Americas","DO"
"Americas","Americas","EC"
"Americas","Americas","FK"
"Americas","Americas","FR"
"Americas","Americas","GD"
"Americas","Americas","GE"
"Americas","Americas","GF"
"Americas","Americas","GL"
"Americas","Americas","GP"
"Americas","Americas","GT"
"Americas","Americas","GY"
"Americas","Americas","HN"
"Americas","Americas","HT"
"Americas","Americas","JM"
"Americas","Americas","KN"
"Americas","Americas","KY"
"Americas","Americas","LC"
"Americas","Americas","MF"
"Americas","Americas","MQ"
"Americas","Americas","MS"
"Americas","Americas","MX"
"Americas","Americas","NI"
"Americas","Americas","PA"
"Americas","Americas","PE"
"Americas","Americas","PM"
"Americas","Americas","PR"
"Americas","Americas","PY"
"Americas","Americas","SR"
"Americas","Americas","SV"
"Americas","Americas","SX"
"Americas","Americas","TC"
"Americas","Americas","TT"
"Americas","Americas","US"
"Americas","Americas","UY"
"Americas","Americas","VC"
"Americas","Americas","VE"
"Americas","Americas","VG"
"Americas","Americas","VI"
"APAC","Asia-Pacific","AS"
"APAC","Asia-Pacific","AU"
"APAC","Asia-Pacific","BD"
"APAC","Asia-Pacific","BN"
"APAC","Asia-Pacific","BT"
"APAC","Asia-Pacific","CC"
"APAC","Asia-Pacific","CK"
"APAC","Asia-Pacific","CN"
"APAC","Asia-Pacific","CX"
"APAC","Asia-Pacific","FJ"
"APAC","Asia-Pacific","FM"
"APAC","Asia-Pacific","GU"
"APAC","Asia-Pacific","HK"
"APAC","Asia-Pacific","ID"
"APAC","Asia-Pacific","IN"
"APAC","Asia-Pacific","JP"
"APAC","Asia-Pacific","KH"
"APAC","Asia-Pacific","KI"
"APAC","Asia-Pacific","KP"
"APAC","Asia-Pacific","KR"
"APAC","Asia-Pacific","LA"
"APAC","Asia-Pacific","LK"
"APAC","Asia-Pacific","MH"
"APAC","Asia-Pacific","MM"
"APAC","Asia-Pacific","MN"
"APAC","Asia-Pacific","MO"
"APAC","Asia-Pacific","MP"
"APAC","Asia-Pacific","MV"
"APAC","Asia-Pacific","MY"
"APAC","Asia-Pacific","NC"
"APAC","Asia-Pacific","NF"
"APAC","Asia-Pacific","NP"
"APAC","Asia-Pacific","NR"
"APAC","Asia-Pacific","NU"
"APAC","Asia-Pacific","NZ"
"APAC","Asia-Pacific","PF"
"APAC","Asia-Pacific","PG"
"APAC","Asia-Pacific","PH"
"APAC","Asia-Pacific","PK"
"APAC","Asia-Pacific","PN"
"APAC","Asia-Pacific","PW"
"APAC","Asia-Pacific","RU"
"APAC","Asia-Pacific","SB"
"APAC","Asia-Pacific","SG"
"APAC","Asia-Pacific","TH"
"APAC","Asia-Pacific","TK"
"APAC","Asia-Pacific","TL"
"APAC","Asia-Pacific","TO"
"APAC","Asia-Pacific","TV"
"APAC","Asia-Pacific","TW"
"APAC","Asia-Pacific","VN"
"APAC","Asia-Pacific","VU"
"APAC","Asia-Pacific","WF"
"APAC","Asia-Pacific","WS"
"APEC","Asia-Pacific Economic Cooperation","AU"
"APEC","Asia-Pacific Economic Cooperation","BN"
"APEC","Asia-Pacific Economic Cooperation","CA"
"APEC","Asia-Pacific Economic Cooperation","CL"
"APEC","Asia-Pacific Economic Cooperation","CN"
"APEC","Asia-Pacific Economic Cooperation","GN"
"APEC","Asia-Pacific Economic Cooperation","HK"
"APEC","Asia-Pacific Economic Cooperation","ID"
"APEC","Asia-Pacific Economic Cooperation","JP"
"APEC","Asia-Pacific Economic Cooperation","KR"
"APEC","Asia-Pacific Economic Cooperation","MX"
"APEC","Asia-Pacific Economic Cooperation","MY"
"APEC","Asia-Pacific Economic Cooperation","NZ"
"APEC","Asia-Pacific Economic Cooperation","PE"
"APEC","Asia-Pacific Economic Cooperation","PH"
"APEC","Asia-Pacific Economic Cooperation","RU"
"APEC","Asia-Pacific Economic Cooperation","SG"
"APEC","Asia-Pacific Economic Cooperation","TH"
"APEC","Asia-Pacific Economic Cooperation","TW"
"APEC","Asia-Pacific Economic Cooperation","US"
"APEC","Asia-Pacific Economic Cooperation","VN"
"Arab League","Arab League","AE"
"Arab League","Arab League","BH"
"Arab League","Arab League","DJ"
"Arab League","Arab League","DZ"
"Arab League","Arab League","EG"
"Arab League","Arab League","IQ"
"Arab League","Arab League","JO"
"Arab League","Arab League","KM"
"Arab League","Arab League","KW"
"Arab League","Arab League","LB"
"Arab League","Arab League","LY"
"Arab League","Arab League","MA"
"Arab League","Arab League","ML"
"Arab League","Arab League","MR"
"Arab League","Arab League","OM"
"Arab League","Arab League","PS"
"Arab League","Arab League","QA"
"Arab League","Arab League","SA"
"Arab League","Arab League","SD"
"Arab League","Arab League","SY"
"Arab League","Arab League","TN"
"Arab League","Arab League","YE"
"ASEAN","Association of Southeast Asian Nations","BN"
"ASEAN","Association of Southeast Asian Nations","CN"
"ASEAN","Association of Southeast Asian Nations","ID"
"ASEAN","Association of Southeast Asian Nations","JP"
"ASEAN","Association of Southeast Asian Nations","KH"
"ASEAN","Association of Southeast Asian Nations","KR"
"ASEAN","Association of Southeast Asian Nations","LA"
"ASEAN","Association of Southeast Asian Nations","MM"
"ASEAN","Association of Southeast Asian Nations","MY"
"ASEAN","Association of Southeast Asian Nations","PH"
"ASEAN","Association of Southeast Asian Nations","SG"
"ASEAN","Association of Southeast Asian Nations","TH"
"ASEAN","Association of Southeast Asian Nations","VN"
"BASIC","Brazil, South Africa, India and China","BR"
"BASIC","Brazil, South Africa, India and China","CN"
"BASIC","Brazil, South Africa, India and China","IN"
"BASIC","Brazil, South Africa, India and China","ZA"
"BIMSTEC","The Bay of Bengal Initiative for Multi-Sectoral Technical and Economic Cooperation","BD"
"BIMSTEC","The Bay of Bengal Initiative for Multi-Sectoral Technical and Economic Cooperation","BT"
"BIMSTEC","The Bay of Bengal Initiative for Multi-Sectoral Technical and Economic Cooperation","IN"
"BIMSTEC","The Bay of Bengal Initiative for Multi-Sectoral Technical and Economic Cooperation","LK"
"BIMSTEC","The Bay of Bengal Initiative for Multi-Sectoral Technical and Economic Cooperation","MM"
"BIMSTEC","The Bay of Bengal Initiative for Multi-Sectoral Technical and Economic Cooperation","NP"
"BIMSTEC","The Bay of Bengal Initiative for Multi-Sectoral Technical and Economic Cooperation","TH"
"BRIC","Brazil, Russia, India and China","BR"
"BRIC","Brazil, Russia, India and China","CN"
"BRIC","Brazil, Russia, India and China","IN"
"BRIC","Brazil, Russia, India and China","RU"
"BRICS","Brazil, Russia, India, China and South Africa","BR"
"BRICS","Brazil, Russia, India, China and South Africa","CN"
"BRICS","Brazil, Russia, India, China and South Africa","IN"
"BRICS","Brazil, Russia, India, China and South Africa","RU"
"BRICS","Brazil, Russia, India, China and South Africa","ZA"
"CARICOM","Caribbean Community","AG"
"CARICOM","Caribbean Community","BB"
"CARICOM","Caribbean Community","BS"
"CARICOM","Caribbean Community","BZ"
"CARICOM","Caribbean Community","DM"
"CARICOM","Caribbean Community","GD"
"CARICOM","Caribbean Community","GY"
"CARICOM","Caribbean Community","HT"
"CARICOM","Caribbean Community","JM"
"CARICOM","Caribbean Community","KN"
"CARICOM","Caribbean Community","LC"
"CARICOM","Caribbean Community","MS"
"CARICOM","Caribbean Community","SR"
"CARICOM","Caribbean Community","TT"
"CARICOM","Caribbean Community","VC"
"CEE","Central and Eastern Europe","AM"
"CEE","Central and Eastern Europe","AT"
"CEE","Central and Eastern Europe","AZ"
"CEE","Central and Eastern Europe","BY"
"CEE","Central and Eastern Europe","CH"
"CEE","Central and Eastern Europe","CZ"
"CEE","Central and Eastern Europe","DE"
"CEE","Central and Eastern Europe","GE"
"CEE","Central and Eastern Europe","HR"
"CEE","Central and Eastern Europe","HU"
"CEE","Central and Eastern Europe","KZ"
"CEE","Central and Eastern Europe","LI"
"CEE","Central and Eastern Europe","PL"
"CEE","Central and Eastern Europe","RU"
"CEE","Central and Eastern Europe","SI"
"CEE","Central and Eastern Europe","SK"
"CEE","Central and Eastern Europe","UA"
"CEFTA","Central European Free Trade Agreement","AL"
"CEFTA","Central European Free Trade Agreement","BA"
"CEFTA","Central European Free Trade Agreement","MD"
"CEFTA","Central European Free Trade Agreement","ME"
"CEFTA","Central European Free Trade Agreement","MK"
"CEFTA","Central European Free Trade Agreement","RS"
"CIS","Commonwealth of Independent States","AM"
"CIS","Commonwealth of Independent States","AZ"
"CIS","Commonwealth of Independent States","BY"
"CIS","Commonwealth of Independent States","KG"
"CIS","Commonwealth of Independent States","KZ"
"CIS","Commonwealth of Independent States","MD"
"CIS","Commonwealth of Independent States","RU"
"CIS","Commonwealth of Independent States","TJ"
"CIS","Commonwealth of Independent States","UZ"
"CIVETS","Colombia, Indonesia, Vietnam, Egypt, Turkey and South Africa","CO"
"CIVETS","Colombia, Indonesia, Vietnam, Egypt, Turkey and South Africa","EG"
"CIVETS","Colombia, Indonesia, Vietnam, Egypt, Turkey and South Africa","ID"
"CIVETS","Colombia, Indonesia, Vietnam, Egypt, Turkey and South Africa","TR"
"CIVETS","Colombia, Indonesia, Vietnam, Egypt, Turkey and South Africa","VN"
"CIVETS","Colombia, Indonesia, Vietnam, Egypt, Turkey and South Africa","ZA"
"CoE","Council of Europe","AD"
"CoE","Council of Europe","AL"
"CoE","Council of Europe","AM"
"CoE","Council of Europe","AT"
"CoE","Council of Europe","AZ"
"CoE","Council of Europe","BA"
"CoE","Council of Europe","BE"
"CoE","Council of Europe","BG"
"CoE","Council of Europe","CH"
"CoE","Council of Europe","CY"
"CoE","Council of Europe","CZ"
"CoE","Council of Europe","DE"
"CoE","Council of Europe","DK"
"CoE","Council of Europe","EE"
"CoE","Council of Europe","ES"
"CoE","Council of Europe","FI"
"CoE","Council of Europe","FR"
"CoE","Council of Europe","GB"
"CoE","Council of Europe","GE"
"CoE","Council of Europe","GR"
"CoE","Council of Europe","HR"
"CoE","Council of Europe","HU"
"CoE","Council of Europe","IE"
"CoE","Council of Europe","IS"
"CoE","Council of Europe","IT"
"CoE","Council of Europe","LI"
"CoE","Council of Europe","LT"
"CoE","Council of Europe","LU"
"CoE","Council of Europe","LV"
"CoE","Council of Europe","MC"
"CoE","Council of Europe","MD"
"CoE","Council of Europe","ME"
"CoE","Council of Europe","MK"
"CoE","Council of Europe","MT"
"CoE","Council of Europe","NL"
"CoE","Council of Europe","NO"
"CoE","Council of Europe","OM"
"CoE","Council of Europe","PL"
"CoE","Council of Europe","PT"
"CoE","Council of Europe","RS"
"CoE","Council of Europe","RU"
"CoE","Council of Europe","SE"
"CoE","Council of Europe","SI"
"CoE","Council of Europe","SK"
"CoE","Council of Europe","SM"
"CoE","Council of Europe","TR"
"CoE","Council of Europe","UA"
"Commonwealth of Nations","Commonwealth of Nations","AG"
"Commonwealth of Nations","Commonwealth of Nations","AU"
"Commonwealth of Nations","Commonwealth of Nations","BB"
"Commonwealth of Nations","Commonwealth of Nations","BD"
"Commonwealth of Nations","Commonwealth of Nations","BN"
"Commonwealth of Nations","Commonwealth of Nations","BS"
"Commonwealth of Nations","Commonwealth of Nations","BW"
"Commonwealth of Nations","Commonwealth of Nations","BZ"
"Commonwealth of Nations","Commonwealth of Nations","CA"
"Commonwealth of Nations","Commonwealth of Nations","CM"
"Commonwealth of Nations","Commonwealth of Nations","CY"
"Commonwealth of Nations","Commonwealth of Nations","DM"
"Commonwealth of Nations","Commonwealth of Nations","FJ"
"Commonwealth of Nations","Commonwealth of Nations","GB"
"Commonwealth of Nations","Commonwealth of Nations","GD"
"Commonwealth of Nations","Commonwealth of Nations","GH"
"Commonwealth of Nations","Commonwealth of Nations","GM"
"Commonwealth of Nations","Commonwealth of Nations","GY"
"Commonwealth of Nations","Commonwealth of Nations","IN"
"Commonwealth of Nations","Commonwealth of Nations","JM"
"Commonwealth of Nations","Commonwealth of Nations","KE"
"Commonwealth of Nations","Commonwealth of Nations","KI"
"Commonwealth of Nations","Commonwealth of Nations","KN"
"Commonwealth of Nations","Commonwealth of Nations","LC"
"Commonwealth of Nations","Commonwealth of Nations","LK"
"Commonwealth of Nations","Commonwealth of Nations","LS"
"Commonwealth of Nations","Commonwealth of Nations","MT"
"Commonwealth of Nations","Commonwealth of Nations","MU"
"Commonwealth of Nations","Commonwealth of Nations","MV"
"Commonwealth of Nations","Commonwealth of Nations","MW"
"Commonwealth of Nations","Commonwealth of Nations","MY"
"Commonwealth of Nations","Commonwealth of Nations","MZ"
"Commonwealth of Nations","Commonwealth of Nations","NA"
"Commonwealth of Nations","Commonwealth of Nations","NG"
"Commonwealth of Nations","Commonwealth of Nations","NR"
"Commonwealth of Nations","Commonwealth of Nations","NZ"
"Commonwealth of Nations","Commonwealth of Nations","PG"
"Commonwealth of Nations","Commonwealth of Nations","PK"
"Commonwealth of Nations","Commonwealth of Nations","RW"
"Commonwealth of Nations","Commonwealth of Nations","SB"
"Commonwealth of Nations","Commonwealth of Nations","SC"
"Commonwealth of Nations","Commonwealth of Nations","SG"
"Commonwealth of Nations","Commonwealth of Nations","SL"
"Commonwealth of Nations","Commonwealth of Nations","SZ"
"Commonwealth of Nations","Commonwealth of Nations","TO"
"Commonwealth of Nations","Commonwealth of Nations","TT"
"Commonwealth of Nations","Commonwealth of Nations","TV"
"Commonwealth of Nations","Commonwealth of Nations","TZ"
"Commonwealth of Nations","Commonwealth of Nations","UG"
"Commonwealth of Nations","Commonwealth of Nations","VC"
"Commonwealth of Nations","Commonwealth of Nations","VU"
"Commonwealth of Nations","Commonwealth of Nations","WS"
"Commonwealth of Nations","Commonwealth of Nations","ZA"
"Commonwealth of Nations","Commonwealth of Nations","ZM"
"CPLP","Community of Portuguese Language Countries","AD"
"CPLP","Community of Portuguese Language Countries","AO"
"CPLP","Community of Portuguese Language Countries","AR"
"CPLP","Community of Portuguese Language Countries","AU"
"CPLP","Community of Portuguese Language Countries","BR"
"CPLP","Community of Portuguese Language Countries","CL"
"CPLP","Community of Portuguese Language Countries","CV"
"CPLP","Community of Portuguese Language Countries","CZ"
"CPLP","Community of Portuguese Language Countries","ES"
"CPLP","Community of Portuguese Language Countries","FR"
"CPLP","Community of Portuguese Language Countries","GB"
"CPLP","Community of Portuguese Language Countries","GE"
"CPLP","Community of Portuguese Language Countries","GN"
"CPLP","Community of Portuguese Language Countries","GQ"
"CPLP","Community of Portuguese Language Countries","HR"
"CPLP","Community of Portuguese Language Countries","HU"
"CPLP","Community of Portuguese Language Countries","ID"
"CPLP","Community of Portuguese Language Countries","IN"
"CPLP","Community of Portuguese Language Countries","IT"
"CPLP","Community of Portuguese Language Countries","JP"
"CPLP","Community of Portuguese Language Countries","LU"
"CPLP","Community of Portuguese Language Countries","MA"
"CPLP","Community of Portuguese Language Countries","MO"
"CPLP","Community of Portuguese Language Countries","MU"
"CPLP","Community of Portuguese Language Countries","MY"
"CPLP","Community of Portuguese Language Countries","MZ"
"CPLP","Community of Portuguese Language Countries","NA"
"CPLP","Community of Portuguese Language Countries","OM"
"CPLP","Community of Portuguese Language Countries","PH"
"CPLP","Community of Portuguese Language Countries","PT"
"CPLP","Community of Portuguese Language Countries","RS"
"CPLP","Community of Portuguese Language Countries","SK"
"CPLP","Community of Portuguese Language Countries","SN"
"CPLP","Community of Portuguese Language Countries","ST"
"CPLP","Community of Portuguese Language Countries","SZ"
"CPLP","Community of Portuguese Language Countries","TL"
"CPLP","Community of Portuguese Language Countries","TR"
"CPLP","Community of Portuguese Language Countries","UA"
"CPLP","Community of Portuguese Language Countries","UY"
"CPLP","Community of Portuguese Language Countries","VE"
"CSTO","Collective Security Treaty Organization","AF"
"CSTO","Collective Security Treaty Organization","AM"
"CSTO","Collective Security Treaty Organization","BY"
"CSTO","Collective Security Treaty Organization","KG"
"CSTO","Collective Security Treaty Organization","KZ"
"CSTO","Collective Security Treaty Organization","RS"
"CSTO","Collective Security Treaty Organization","RU"
"CSTO","Collective Security Treaty Organization","TJ"
"DAC","Development Assistance Committee","AT"
"DAC","Development Assistance Committee","AU"
"DAC","Development Assistance Committee","BE"
"DAC","Development Assistance Committee","BG"
"DAC","Development Assistance Committee","CA"
"DAC","Development Assistance Committee","CH"
"DAC","Development Assistance Committee","CY"
"DAC","Development Assistance Committee","CZ"
"DAC","Development Assistance Committee","DE"
"DAC","Development Assistance Committee","DK"
"DAC","Development Assistance Committee","EE"
"DAC","Development Assistance Committee","ES"
"DAC","Development Assistance Committee","FI"
"DAC","Development Assistance Committee","FR"
"DAC","Development Assistance Committee","GB"
"DAC","Development Assistance Committee","GR"
"DAC","Development Assistance Committee","HR"
"DAC","Development Assistance Committee","HU"
"DAC","Development Assistance Committee","IE"
"DAC","Development Assistance Committee","IS"
"DAC","Development Assistance Committee","IT"
"DAC","Development Assistance Committee","JP"
"DAC","Development Assistance Committee","KR"
"DAC","Development Assistance Committee","LT"
"DAC","Development Assistance Committee","LU"
"DAC","Development Assistance Committee","LV"
"DAC","Development Assistance Committee","MT"
"DAC","Development Assistance Committee","NL"
"DAC","Development Assistance Committee","NO"
"DAC","Development Assistance Committee","NZ"
"DAC","Development Assistance Committee","OM"
"DAC","Development Assistance Committee","PL"
"DAC","Development Assistance Committee","PT"
"DAC","Development Assistance Committee","SE"
"DAC","Development Assistance Committee","SI"
"DAC","Development Assistance Committee","SK"
"DAC","Development Assistance Committee","US"
"DACH","DACH","AT"
"DACH","DACH","CH"
"DACH","DACH","DE"
"EAC","East African Community","BI"
"EAC","East African Community","KE"
"EAC","East African Community","RW"
"EAC","East African Community","SD"
"EAC","East African Community","TZ"
"EAC","East African Community","UG"
"EAEU","Eurasian Economic Union","AM"
"EAEU","Eurasian Economic Union","BY"
"EAEU","Eurasian Economic Union","KG"
"EAEU","Eurasian Economic Union","KZ"
"EAEU","Eurasian Economic Union","RU"
"EALA","Europe, Africa and Latin America","AD"
"EALA","Europe, Africa and Latin America","AL"
"EALA","Europe, Africa and Latin America","AO"
"EALA","Europe, Africa and Latin America","AR"
"EALA","Europe, Africa and Latin America","AT"
"EALA","Europe, Africa and Latin America","AZ"
"EALA","Europe, Africa and Latin America","BA"
"EALA","Europe, Africa and Latin America","BE"
"EALA","Europe, Africa and Latin America","BF"
"EALA","Europe, Africa and Latin America","BG"
"EALA","Europe, Africa and Latin America","BI"
"EALA","Europe, Africa and Latin America","BJ"
"EALA","Europe, Africa and Latin America","BL"
"EALA","Europe, Africa and Latin America","BO"
"EALA","Europe, Africa and Latin America","BR"
"EALA","Europe, Africa and Latin America","BW"
"EALA","Europe, Africa and Latin America","BY"
"EALA","Europe, Africa and Latin America","CD"
"EALA","Europe, Africa and Latin America","CF"
"EALA","Europe, Africa and Latin America","CG"
"EALA","Europe, Africa and Latin America","CH"
"EALA","Europe, Africa and Latin America","CI"
"EALA","Europe, Africa and Latin America","CL"
"EALA","Europe, Africa and Latin America","CM"
"EALA","Europe, Africa and Latin America","CO"
"EALA","Europe, Africa and Latin America","CR"
"EALA","Europe, Africa and Latin America","CU"
"EALA","Europe, Africa and Latin America","CV"
"EALA","Europe, Africa and Latin America","CY"
"EALA","Europe, Africa and Latin America","CZ"
"EALA","Europe, Africa and Latin America","DE"
"EALA","Europe, Africa and Latin America","DJ"
"EALA","Europe, Africa and Latin America","DK"
"EALA","Europe, Africa and Latin America","DM"
"EALA","Europe, Africa and Latin America","DZ"
"EALA","Europe, Africa and Latin America","EC"
"EALA","Europe, Africa and Latin America","EE"
"EALA","Europe, Africa and Latin America","EG"
"EALA","Europe, Africa and Latin America","ER"
"EALA","Europe, Africa and Latin America","ES"
"EALA","Europe, Africa and Latin America","ET"
"EALA","Europe, Africa and Latin America","FI"
"EALA","Europe, Africa and Latin America","FR"
"EALA","Europe, Africa and Latin America","GA"
"EALA","Europe, Africa and Latin America","GB"
"EALA","Europe, Africa and Latin America","GE"
"EALA","Europe, Africa and Latin America","GH"
"EALA","Europe, Africa and Latin America","GM"
"EALA","Europe, Africa and Latin America","GN"
"EALA","Europe, Africa and Latin America","GP"
"EALA","Europe, Africa and Latin America","GR"
"EALA","Europe, Africa and Latin America","GT"
"EALA","Europe, Africa and Latin America","HN"
"EALA","Europe, Africa and Latin America","HR"
"EALA","Europe, Africa and Latin America","HT"
"EALA","Europe, Africa and Latin America","HU"
"EALA","Europe, Africa and Latin America","IE"
"EALA","Europe, Africa and Latin America","IS"
"EALA","Europe, Africa and Latin America","IT"
"EALA","Europe, Africa and Latin America","KE"
"EALA","Europe, Africa and Latin America","KM"
"EALA","Europe, Africa and Latin America","KZ"
"EALA","Europe, Africa and Latin America","LI"
"EALA","Europe, Africa and Latin America","LR"
"EALA","Europe, Africa and Latin America","LS"
"EALA","Europe, Africa and Latin America","LT"
"EALA","Europe, Africa and Latin America","LU"
"EALA","Europe, Africa and Latin America","LV"
"EALA","Europe, Africa and Latin America","LY"
"EALA","Europe, Africa and Latin America","MA"
"EALA","Europe, Africa and Latin America","MC"
"EALA","Europe, Africa and Latin America","MD"
"EALA","Europe, Africa and Latin America","ME"
"EALA","Europe, Africa and Latin America","MF"
"EALA","Europe, Africa and Latin America","MG"
"EALA","Europe, Africa and Latin America","MK"
"EALA","Europe, Africa and Latin America","ML"
"EALA","Europe, Africa and Latin America","MQ"
"EALA","Europe, Africa and Latin America","MR"
"EALA","Europe, Africa and Latin America","MT"
"EALA","Europe, Africa and Latin America","MU"
"EALA","Europe, Africa and Latin America","MW"
"EALA","Europe, Africa and Latin America","MX"
"EALA","Europe, Africa and Latin America","MZ"
"EALA","Europe, Africa and Latin America","NA"
"EALA","Europe, Africa and Latin America","NE"
"EALA","Europe, Africa and Latin America","NI"
"EALA","Europe, Africa and Latin America","NL"
"EALA","Europe, Africa and Latin America","NO"
"EALA","Europe, Africa and Latin America","OM"
"EALA","Europe, Africa and Latin America","PA"
"EALA","Europe, Africa and Latin America","PE"
"EALA","Europe, Africa and Latin America","PL"
"EALA","Europe, Africa and Latin America","PR"
"EALA","Europe, Africa and Latin America","PT"
"EALA","Europe, Africa and Latin America","PY"
"EALA","Europe, Africa and Latin America","RS"
"EALA","Europe, Africa and Latin America","RU"
"EALA","Europe, Africa and Latin America","RW"
"EALA","Europe, Africa and Latin America","SC"
"EALA","Europe, Africa and Latin America","SD"
"EALA","Europe, Africa and Latin America","SE"
"EALA","Europe, Africa and Latin America","SI"
"EALA","Europe, Africa and Latin America","SK"
"EALA","Europe, Africa and Latin America","SL"
"EALA","Europe, Africa and Latin America","SM"
"EALA","Europe, Africa and Latin America","SN"
"EALA","Europe, Africa and Latin America","ST"
"EALA","Europe, Africa and Latin America","SV"
"EALA","Europe, Africa and Latin America","SZ"
"EALA","Europe, Africa and Latin America","TD"
"EALA","Europe, Africa and Latin America","TG"
"EALA","Europe, Africa and Latin America","TN"
"EALA","Europe, Africa and Latin America","TR"
"EALA","Europe, Africa and Latin America","TZ"
"EALA","Europe, Africa and Latin America","UA"
"EALA","Europe, Africa and Latin America","UG"
"EALA","Europe, Africa and Latin America","UY"
"EALA","Europe, Africa and Latin America","VA"
"EALA","Europe, Africa and Latin America","VE"
"EALA","Europe, Africa and Latin America","ZA"
"EALA","Europe, Africa and Latin America","ZM"
"EALA","Europe, Africa and Latin America","ZW"
"EaP","Eastern Partnership","AM"
"EaP","Eastern Partnership","AT"
"EaP","Eastern Partnership","AZ"
"EaP","Eastern Partnership","BE"
"EaP","Eastern Partnership","BG"
"EaP","Eastern Partnership","BY"
"EaP","Eastern Partnership","CY"
"EaP","Eastern Partnership","CZ"
"EaP","Eastern Partnership","DE"
"EaP","Eastern Partnership","DK"
"EaP","Eastern Partnership","EE"
"EaP","Eastern Partnership","ES"
"EaP","Eastern Partnership","FI"
"EaP","Eastern Partnership","FR"
"EaP","Eastern Partnership","GB"
"EaP","Eastern Partnership","GE"
"EaP","Eastern Partnership","GR"
"EaP","Eastern Partnership","HR"
"EaP","Eastern Partnership","HU"
"EaP","Eastern Partnership","IE"
"EaP","Eastern Partnership","IT"
"EaP","Eastern Partnership","LT"
"EaP","Eastern Partnership","LU"
"EaP","Eastern Partnership","LV"
"EaP","Eastern Partnership","MD"
"EaP","Eastern Partnership","MT"
"EaP","Eastern Partnership","NL"
"EaP","Eastern Partnership","OM"
"EaP","Eastern Partnership","PL"
"EaP","Eastern Partnership","PT"
"EaP","Eastern Partnership","SE"
"EaP","Eastern Partnership","SI"
"EaP","Eastern Partnership","SK"
"EaP","Eastern Partnership","UA"
"ECO","Economic Cooperation Organization","AF"
"ECO","Economic Cooperation Organization","AZ"
"ECO","Economic Cooperation Organization","IR"
"ECO","Economic Cooperation Organization","KG"
"ECO","Economic Cooperation Organization","KZ"
"ECO","Economic Cooperation Organization","PK"
"ECO","Economic Cooperation Organization","TJ"
"ECO","Economic Cooperation Organization","TM"
"ECO","Economic Cooperation Organization","TR"
"ECO","Economic Cooperation Organization","UZ"
"EEMEA","Eastern Europe, Middle East and Africa","AE"
"EEMEA","Eastern Europe, Middle East and Africa","AM"
"EEMEA","Eastern Europe, Middle East and Africa","AO"
"EEMEA","Eastern Europe, Middle East and Africa","AZ"
"EEMEA","Eastern Europe, Middle East and Africa","BH"
"EEMEA","Eastern Europe, Middle East and Africa","BI"
"EEMEA","Eastern Europe, Middle East and Africa","BJ"
"EEMEA","Eastern Europe, Middle East and Africa","BW"
"EEMEA","Eastern Europe, Middle East and Africa","BY"
"EEMEA","Eastern Europe, Middle East and Africa","CF"
"EEMEA","Eastern Europe, Middle East and Africa","CG"
"EEMEA","Eastern Europe, Middle East and Africa","CI"
"EEMEA","Eastern Europe, Middle East and Africa","CM"
"EEMEA","Eastern Europe, Middle East and Africa","CV"
"EEMEA","Eastern Europe, Middle East and Africa","DJ"
"EEMEA","Eastern Europe, Middle East and Africa","DZ"
"EEMEA","Eastern Europe, Middle East and Africa","EG"
"EEMEA","Eastern Europe, Middle East and Africa","EH"
"EEMEA","Eastern Europe, Middle East and Africa","ER"
"EEMEA","Eastern Europe, Middle East and Africa","ET"
"EEMEA","Eastern Europe, Middle East and Africa","GA"
"EEMEA","Eastern Europe, Middle East and Africa","GE"
"EEMEA","Eastern Europe, Middle East and Africa","GH"
"EEMEA","Eastern Europe, Middle East and Africa","GM"
"EEMEA","Eastern Europe, Middle East and Africa","GN"
"EEMEA","Eastern Europe, Middle East and Africa","IL"
"EEMEA","Eastern Europe, Middle East and Africa","IQ"
"EEMEA","Eastern Europe, Middle East and Africa","IR"
"EEMEA","Eastern Europe, Middle East and Africa","JO"
"EEMEA","Eastern Europe, Middle East and Africa","KE"
"EEMEA","Eastern Europe, Middle East and Africa","KM"
"EEMEA","Eastern Europe, Middle East and Africa","KW"
"EEMEA","Eastern Europe, Middle East and Africa","KZ"
"EEMEA","Eastern Europe, Middle East and Africa","LB"
"EEMEA","Eastern Europe, Middle East and Africa","LR"
"EEMEA","Eastern Europe, Middle East and Africa","LS"
"EEMEA","Eastern Europe, Middle East and Africa","LY"
"EEMEA","Eastern Europe, Middle East and Africa","MA"
"EEMEA","Eastern Europe, Middle East and Africa","MG"
"EEMEA","Eastern Europe, Middle East and Africa","ML"
"EEMEA","Eastern Europe, Middle East and Africa","MR"
"EEMEA","Eastern Europe, Middle East and Africa","MU"
"EEMEA","Eastern Europe, Middle East and Africa","MW"
"EEMEA","Eastern Europe, Middle East and Africa","MZ"
"EEMEA","Eastern Europe, Middle East and Africa","NA"
"EEMEA","Eastern Europe, Middle East and Africa","NE"
"EEMEA","Eastern Europe, Middle East and Africa","OM"
"EEMEA","Eastern Europe, Middle East and Africa","QA"
"EEMEA","Eastern Europe, Middle East and Africa","RE"
"EEMEA","Eastern Europe, Middle East and Africa","RU"
"EEMEA","Eastern Europe, Middle East and Africa","RW"
"EEMEA","Eastern Europe, Middle East and Africa","SA"
"EEMEA","Eastern Europe, Middle East and Africa","SC"
"EEMEA","Eastern Europe, Middle East and Africa","SD"
"EEMEA","Eastern Europe, Middle East and Africa","SH"
"EEMEA","Eastern Europe, Middle East and Africa","SL"
"EEMEA","Eastern Europe, Middle East and Africa","SN"
"EEMEA","Eastern Europe, Middle East and Africa","ST"
"EEMEA","Eastern Europe, Middle East and Africa","SY"
"EEMEA","Eastern Europe, Middle East and Africa","SZ"
"EEMEA","Eastern Europe, Middle East and Africa","TD"
"EEMEA","Eastern Europe, Middle East and Africa","TG"
"EEMEA","Eastern Europe, Middle East and Africa","TN"
"EEMEA","Eastern Europe, Middle East and Africa","TR"
"EEMEA","Eastern Europe, Middle East and Africa","TZ"
"EEMEA","Eastern Europe, Middle East and Africa","UA"
"EEMEA","Eastern Europe, Middle East and Africa","UG"
"EEMEA","Eastern Europe, Middle East and Africa","YE"
"EEMEA","Eastern Europe, Middle East and Africa","YT"
"EEMEA","Eastern Europe, Middle East and Africa","ZA"
"EEMEA","Eastern Europe, Middle East and Africa","ZM"
"EEMEA","Eastern Europe, Middle East and Africa","ZW"
"EFTA","European Free Trade Association","CH"
"EFTA","European Free Trade Association","IS"
"EFTA","European Free Trade Association","LI"
"EFTA","European Free Trade Association","NO"
"EMEA","Europe, the Middle East and Africa","AD"
"EMEA","Europe, the Middle East and Africa","AE"
"EMEA","Europe, the Middle East and Africa","AL"
"EMEA","Europe, the Middle East and Africa","AM"
"EMEA","Europe, the Middle East and Africa","AO"
"EMEA","Europe, the Middle East and Africa","AT"
"EMEA","Europe, the Middle East and Africa","AX"
"EMEA","Europe, the Middle East and Africa","AZ"
"EMEA","Europe, the Middle East and Africa","BA"
"EMEA","Europe, the Middle East and Africa","BE"
"EMEA","Europe, the Middle East and Africa","BG"
"EMEA","Europe, the Middle East and Africa","BH"
"EMEA","Europe, the Middle East and Africa","BI"
"EMEA","Europe, the Middle East and Africa","BJ"
"EMEA","Europe, the Middle East and Africa","BW"
"EMEA","Europe, the Middle East and Africa","BY"
"EMEA","Europe, the Middle East and Africa","CF"
"EMEA","Europe, the Middle East and Africa","CG"
"EMEA","Europe, the Middle East and Africa","CH"
"EMEA","Europe, the Middle East and Africa","CI"
"EMEA","Europe, the Middle East and Africa","CM"
"EMEA","Europe, the Middle East and Africa","CV"
"EMEA","Europe, the Middle East and Africa","CY"
"EMEA","Europe, the Middle East and Africa","CZ"
"EMEA","Europe, the Middle East and Africa","DE"
"EMEA","Europe, the Middle East and Africa","DJ"
"EMEA","Europe, the Middle East and Africa","DK"
"EMEA","Europe, the Middle East and Africa","DZ"
"EMEA","Europe, the Middle East and Africa","EE"
"EMEA","Europe, the Middle East and Africa","EG"
"EMEA","Europe, the Middle East and Africa","EH"
"EMEA","Europe, the Middle East and Africa","ER"
"EMEA","Europe, the Middle East and Africa","ES"
"EMEA","Europe, the Middle East and Africa","ET"
"EMEA","Europe, the Middle East and Africa","FI"
"EMEA","Europe, the Middle East and Africa","FO"
"EMEA","Europe, the Middle East and Africa","FR"
"EMEA","Europe, the Middle East and Africa","GA"
"EMEA","Europe, the Middle East and Africa","GB"
"EMEA","Europe, the Middle East and Africa","GE"
"EMEA","Europe, the Middle East and Africa","GG"
"EMEA","Europe, the Middle East and Africa","GH"
"EMEA","Europe, the Middle East and Africa","GI"
"EMEA","Europe, the Middle East and Africa","GM"
"EMEA","Europe, the Middle East and Africa","GN"
"EMEA","Europe, the Middle East and Africa","GR"
"EMEA","Europe, the Middle East and Africa","HR"
"EMEA","Europe, the Middle East and Africa","HU"
"EMEA","Europe, the Middle East and Africa","IE"
"EMEA","Europe, the Middle East and Africa","IL"
"EMEA","Europe, the Middle East and Africa","IM"
"EMEA","Europe, the Middle East and Africa","IQ"
"EMEA","Europe, the Middle East and Africa","IR"
"EMEA","Europe, the Middle East and Africa","IS"
"EMEA","Europe, the Middle East and Africa","IT"
"EMEA","Europe, the Middle East and Africa","JE"
"EMEA","Europe, the Middle East and Africa","JO"
"EMEA","Europe, the Middle East and Africa","KE"
"EMEA","Europe, the Middle East and Africa","KM"
"EMEA","Europe, the Middle East and Africa","KW"
"EMEA","Europe, the Middle East and Africa","KZ"
"EMEA","Europe, the Middle East and Africa","LB"
"EMEA","Europe, the Middle East and Africa","LI"
"EMEA","Europe, the Middle East and Africa","LR"
"EMEA","Europe, the Middle East and Africa","LS"
"EMEA","Europe, the Middle East and Africa","LT"
"EMEA","Europe, the Middle East and Africa","LU"
"EMEA","Europe, the Middle East and Africa","LV"
"EMEA","Europe, the Middle East and Africa","LY"
"EMEA","Europe, the Middle East and Africa","MA"
"EMEA","Europe, the Middle East and Africa","MC"
"EMEA","Europe, the Middle East and Africa","MD"
"EMEA","Europe, the Middle East and Africa","ME"
"EMEA","Europe, the Middle East and Africa","MG"
"EMEA","Europe, the Middle East and Africa","MK"
"EMEA","Europe, the Middle East and Africa","ML"
"EMEA","Europe, the Middle East and Africa","MR"
"EMEA","Europe, the Middle East and Africa","MT"
"EMEA","Europe, the Middle East and Africa","MU"
"EMEA","Europe, the Middle East and Africa","MW"
"EMEA","Europe, the Middle East and Africa","MZ"
"EMEA","Europe, the Middle East and Africa","NA"
"EMEA","Europe, the Middle East and Africa","NE"
"EMEA","Europe, the Middle East and Africa","NL"
"EMEA","Europe, the Middle East and Africa","NO"
"EMEA","Europe, the Middle East and Africa","OM"
"EMEA","Europe, the Middle East and Africa","PL"
"EMEA","Europe, the Middle East and Africa","PT"
"EMEA","Europe, the Middle East and Africa","QA"
"EMEA","Europe, the Middle East and Africa","RE"
"EMEA","Europe, the Middle East and Africa","RS"
"EMEA","Europe, the Middle East and Africa","RU"
"EMEA","Europe, the Middle East and Africa","RW"
"EMEA","Europe, the Middle East and Africa","SA"
"EMEA","Europe, the Middle East and Africa","SC"
"EMEA","Europe, the Middle East and Africa","SD"
"EMEA","Europe, the Middle East and Africa","SE"
"EMEA","Europe, the Middle East and Africa","SH"
"EMEA","Europe, the Middle East and Africa","SI"
"EMEA","Europe, the Middle East and Africa","SK"
"EMEA","Europe, the Middle East and Africa","SL"
"EMEA","Europe, the Middle East and Africa","SM"
"EMEA","Europe, the Middle East and Africa","SN"
"EMEA","Europe, the Middle East and Africa","ST"
"EMEA","Europe, the Middle East and Africa","SY"
"EMEA","Europe, the Middle East and Africa","SZ"
"EMEA","Europe, the Middle East and Africa","TD"
"EMEA","Europe, the Middle East and Africa","TG"
"EMEA","Europe, the Middle East and Africa","TN"
"EMEA","Europe, the Middle East and Africa","TR"
"EMEA","Europe, the Middle East and Africa","TZ"
"EMEA","Europe, the Middle East and Africa","UA"
"EMEA","Europe, the Middle East and Africa","UG"
"EMEA","Europe, the Middle East and Africa","VA"
"EMEA","Europe, the Middle East and Africa","YE"
"EMEA","Europe, the Middle East and Africa","YT"
"EMEA","Europe, the Middle East and Africa","ZA"
"EMEA","Europe, the Middle East and Africa","ZM"
"EMEA","Europe, the Middle East and Africa","ZW"
"EMEIA","Europe, the Middle East, Africa and India","AD"
"EMEIA","Europe, the Middle East, Africa and India","AE"
"EMEIA","Europe, the Middle East, Africa and India","AL"
"EMEIA","Europe, the Middle East, Africa and India","AM"
"EMEIA","Europe, the Middle East, Africa and India","AO"
"EMEIA","Europe, the Middle East, Africa and India","AT"
"EMEIA","Europe, the Middle East, Africa and India","AX"
"EMEIA","Europe, the Middle East, Africa and India","AZ"
"EMEIA","Europe, the Middle East, Africa and India","BA"
"EMEIA","Europe, the Middle East, Africa and India","BE"
"EMEIA","Europe, the Middle East, Africa and India","BG"
"EMEIA","Europe, the Middle East, Africa and India","BH"
"EMEIA","Europe, the Middle East, Africa and India","BI"
"EMEIA","Europe, the Middle East, Africa and India","BJ"
"EMEIA","Europe, the Middle East, Africa and India","BW"
"EMEIA","Europe, the Middle East, Africa and India","BY"
"EMEIA","Europe, the Middle East, Africa and India","CF"
"EMEIA","Europe, the Middle East, Africa and India","CG"
"EMEIA","Europe, the Middle East, Africa and India","CH"
"EMEIA","Europe, the Middle East, Africa and India","CI"
"EMEIA","Europe, the Middle East, Africa and India","CM"
"EMEIA","Europe, the Middle East, Africa and India","CV"
"EMEIA","Europe, the Middle East, Africa and India","CY"
"EMEIA","Europe, the Middle East, Africa and India","CZ"
"EMEIA","Europe, the Middle East, Africa and India","DE"
"EMEIA","Europe, the Middle East, Africa and India","DJ"
"EMEIA","Europe, the Middle East, Africa and India","DK"
"EMEIA","Europe, the Middle East, Africa and India","DZ"
"EMEIA","Europe, the Middle East, Africa and India","EE"
"EMEIA","Europe, the Middle East, Africa and India","EG"
"EMEIA","Europe, the Middle East, Africa and India","EH"
"EMEIA","Europe, the Middle East, Africa and India","ER"
"EMEIA","Europe, the Middle East, Africa and India","ES"
"EMEIA","Europe, the Middle East, Africa and India","ET"
"EMEIA","Europe, the Middle East, Africa and India","FI"
"EMEIA","Europe, the Middle East, Africa and India","FO"
"EMEIA","Europe, the Middle East, Africa and India","FR"
"EMEIA","Europe, the Middle East, Africa and India","GA"
"EMEIA","Europe, the Middle East, Africa and India","GB"
"EMEIA","Europe, the Middle East, Africa and India","GE"
"EMEIA","Europe, the Middle East, Africa and India","GG"
"EMEIA","Europe, the Middle East, Africa and India","GH"
"EMEIA","Europe, the Middle East, Africa and India","GI"
"EMEIA","Europe, the Middle East, Africa and India","GM"
"EMEIA","Europe, the Middle East, Africa and India","GN"
"EMEIA","Europe, the Middle East, Africa and India","GR"
"EMEIA","Europe, the Middle East, Africa and India","HR"
"EMEIA","Europe, the Middle East, Africa and India","HU"
"EMEIA","Europe, the Middle East, Africa and India","IE"
"EMEIA","Europe, the Middle East, Africa and India","IL"
"EMEIA","Europe, the Middle East, Africa and India","IM"
"EMEIA","Europe, the Middle East, Africa and India","IN"
"EMEIA","Europe, the Middle East, Africa and India","IQ"
"EMEIA","Europe, the Middle East, Africa and India","IR"
"EMEIA","Europe, the Middle East, Africa and India","IS"
"EMEIA","Europe, the Middle East, Africa and India","IT"
"EMEIA","Europe, the Middle East, Africa and India","JE"
"EMEIA","Europe, the Middle East, Africa and India","JO"
"EMEIA","Europe, the Middle East, Africa and India","KE"
"EMEIA","Europe, the Middle East, Africa and India","KM"
"EMEIA","Europe, the Middle East, Africa and India","KW"
"EMEIA","Europe, the Middle East, Africa and India","KZ"
"EMEIA","Europe, the Middle East, Africa and India","LB"
"EMEIA","Europe, the Middle East, Africa and India","LI"
"EMEIA","Europe, the Middle East, Africa and India","LR"
"EMEIA","Europe, the Middle East, Africa and India","LS"
"EMEIA","Europe, the Middle East, Africa and India","LT"
"EMEIA","Europe, the Middle East, Africa and India","LU"
"EMEIA","Europe, the Middle East, Africa and India","LV"
"EMEIA","Europe, the Middle East, Africa and India","LY"
"EMEIA","Europe, the Middle East, Africa and India","MA"
"EMEIA","Europe, the Middle East, Africa and India","MC"
"EMEIA","Europe, the Middle East, Africa and India","MD"
"EMEIA","Europe, the Middle East, Africa and India","ME"
"EMEIA","Europe, the Middle East, Africa and India","MG"
"EMEIA","Europe, the Middle East, Africa and India","MK"
"EMEIA","Europe, the Middle East, Africa and India","ML"
"EMEIA","Europe, the Middle East, Africa and India","MR"
"EMEIA","Europe, the Middle East, Africa and India","MT"
"EMEIA","Europe, the Middle East, Africa and India","MU"
"EMEIA","Europe, the Middle East, Africa and India","MW"
"EMEIA","Europe, the Middle East, Africa and India","MZ"
"EMEIA","Europe, the Middle East, Africa and India","NA"
"EMEIA","Europe, the Middle East, Africa and India","NE"
"EMEIA","Europe, the Middle East, Africa and India","NL"
"EMEIA","Europe, the Middle East, Africa and India","NO"
"EMEIA","Europe, the Middle East, Africa and India","OM"
"EMEIA","Europe, the Middle East, Africa and India","PL"
"EMEIA","Europe, the Middle East, Africa and India","PT"
"EMEIA","Europe, the Middle East, Africa and India","QA"
"EMEIA","Europe, the Middle East, Africa and India","RE"
"EMEIA","Europe, the Middle East, Africa and India","RS"
"EMEIA","Europe, the Middle East, Africa and India","RU"
"EMEIA","Europe, the Middle East, Africa and India","RW"
"EMEIA","Europe, the Middle East, Africa and India","SA"
"EMEIA","Europe, the Middle East, Africa and India","SC"
"EMEIA","Europe, the Middle East, Africa and India","SD"
"EMEIA","Europe, the Middle East, Africa and India","SE"
"EMEIA","Europe, the Middle East, Africa and India","SH"
"EMEIA","Europe, the Middle East, Africa and India","SI"
"EMEIA","Europe, the Middle East, Africa and India","SK"
"EMEIA","Europe, the Middle East, Africa and India","SL"
"EMEIA","Europe, the Middle East, Africa and India","SM"
"EMEIA","Europe, the Middle East, Africa and India","SN"
"EMEIA","Europe, the Middle East, Africa and India","ST"
"EMEIA","Europe, the Middle East, Africa and India","SY"
"EMEIA","Europe, the Middle East, Africa and India","SZ"
"EMEIA","Europe, the Middle East, Africa and India","TD"
"EMEIA","Europe, the Middle East, Africa and India","TG"
"EMEIA","Europe, the Middle East, Africa and India","TN"
"EMEIA","Europe, the Middle East, Africa and India","TR"
"EMEIA","Europe, the Middle East, Africa and India","TZ"
"EMEIA","Europe, the Middle East, Africa and India","UA"
"EMEIA","Europe, the Middle East, Africa and India","UG"
"EMEIA","Europe, the Middle East, Africa and India","VA"
"EMEIA","Europe, the Middle East, Africa and India","YE"
"EMEIA","Europe, the Middle East, Africa and India","YT"
"EMEIA","Europe, the Middle East, Africa and India","ZA"
"EMEIA","Europe, the Middle East, Africa and India","ZM"
"EMEIA","Europe, the Middle East, Africa and India","ZW"
"EU","European Union","AT"
"EU","European Union","BE"
"EU","European Union","BG"
"EU","European Union","CY"
"EU","European Union","CZ"
"EU","European Union","DE"
"EU","European Union","DK"
"EU","European Union","EE"
"EU","European Union","ES"
"EU","European Union","FI"
"EU","European Union","FR"
"EU","European Union","GR"
"EU","European Union","HR"
"EU","European Union","HU"
"EU","European Union","IE"
"EU","European Union","IT"
"EU","European Union","LT"
"EU","European Union","LU"
"EU","European Union","LV"
"EU","European Union","MT"
"EU","European Union","NL"
"EU","European Union","OM"
"EU","European Union","PL"
"EU","European Union","PT"
"EU","European Union","SE"
"EU","European Union","SI"
"EU","European Union","SK"
"Four Asian Tigers","Four Asian Tigers","HK"
"Four Asian Tigers","Four Asian Tigers","KR"
"Four Asian Tigers","Four Asian Tigers","SG"
"Four Asian Tigers","Four Asian Tigers","TW"
"G2","Group of Two","CN"
"G2","Group of Two","US"
"G20","Group of Twenty","AR"
"G20","Group of Twenty","AT"
"G20","Group of Twenty","AU"
"G20","Group of Twenty","BE"
"G20","Group of Twenty","BG"
"G20","Group of Twenty","BR"
"G20","Group of Twenty","CA"
"G20","Group of Twenty","CN"
"G20","Group of Twenty","CY"
"G20","Group of Twenty","CZ"
"G20","Group of Twenty","DE"
"G20","Group of Twenty","DK"
"G20","Group of Twenty","EE"
"G20","Group of Twenty","ES"
"G20","Group of Twenty","FI"
"G20","Group of Twenty","FR"
"G20","Group of Twenty","GB"
"G20","Group of Twenty","GR"
"G20","Group of Twenty","HR"
"G20","Group of Twenty","HU"
"G20","Group of Twenty","ID"
"G20","Group of Twenty","IE"
"G20","Group of Twenty","IN"
"G20","Group of Twenty","IT"
"G20","Group of Twenty","JP"
"G20","Group of Twenty","KR"
"G20","Group of Twenty","LT"
"G20","Group of Twenty","LU"
"G20","Group of Twenty","LV"
"G20","Group of Twenty","MT"
"G20","Group of Twenty","MX"
"G20","Group of Twenty","NL"
"G20","Group of Twenty","OM"
"G20","Group of Twenty","PL"
"G20","Group of Twenty","PT"
"G20","Group of Twenty","RU"
"G20","Group of Twenty","SA"
"G20","Group of Twenty","SE"
"G20","Group of Twenty","SI"
"G20","Group of Twenty","SK"
"G20","Group of Twenty","TR"
"G20","Group of Twenty","US"
"G20","Group of Twenty","ZA"
"G3","Global Governance Group","AE"
"G3","Global Governance Group","BB"
"G3","Global Governance Group","BH"
"G3","Global Governance Group","BN"
"G3","Global Governance Group","BS"
"G3","Global Governance Group","BW"
"G3","Global Governance Group","CH"
"G3","Global Governance Group","CL"
"G3","Global Governance Group","CR"
"G3","Global Governance Group","FI"
"G3","Global Governance Group","GT"
"G3","Global Governance Group","JM"
"G3","Global Governance Group","KW"
"G3","Global Governance Group","LI"
"G3","Global Governance Group","LU"
"G3","Global Governance Group","MC"
"G3","Global Governance Group","ME"
"G3","Global Governance Group","MY"
"G3","Global Governance Group","NZ"
"G3","Global Governance Group","PA"
"G3","Global Governance Group","PE"
"G3","Global Governance Group","PH"
"G3","Global Governance Group","QA"
"G3","Global Governance Group","RW"
"G3","Global Governance Group","SG"
"G3","Global Governance Group","SI"
"G3","Global Governance Group","SM"
"G3","Global Governance Group","SN"
"G3","Global Governance Group","UY"
"G3","Global Governance Group","VN"
"G4 Nations","G4 Nations","BR"
"G4 Nations","G4 Nations","DE"
"G4 Nations","G4 Nations","IN"
"G4 Nations","G4 Nations","JP"
"G7","Group of Seven","CA"
"G7","Group of Seven","DE"
"G7","Group of Seven","FR"
"G7","Group of Seven","GB"
"G7","Group of Seven","IT"
"G7","Group of Seven","JP"
"G7","Group of Seven","US"
"G77","Group of 77","AE"
"G77","Group of 77","AF"
"G77","Group of 77","AG"
"G77","Group of 77","AO"
"G77","Group of 77","AR"
"G77","Group of 77","BB"
"G77","Group of 77","BD"
"G77","Group of 77","BF"
"G77","Group of 77","BH"
"G77","Group of 77","BI"
"G77","Group of 77","BJ"
"G77","Group of 77","BN"
"G77","Group of 77","BO"
"G77","Group of 77","BR"
"G77","Group of 77","BS"
"G77","Group of 77","BT"
"G77","Group of 77","BW"
"G77","Group of 77","BZ"
"G77","Group of 77","CD"
"G77","Group of 77","CF"
"G77","Group of 77","CG"
"G77","Group of 77","CI"
"G77","Group of 77","CL"
"G77","Group of 77","CM"
"G77","Group of 77","CO"
"G77","Group of 77","CR"
"G77","Group of 77","CU"
"G77","Group of 77","CV"
"G77","Group of 77","DJ"
"G77","Group of 77","DM"
"G77","Group of 77","DZ"
"G77","Group of 77","EC"
"G77","Group of 77","EG"
"G77","Group of 77","ER"
"G77","Group of 77","ET"
"G77","Group of 77","FJ"
"G77","Group of 77","FM"
"G77","Group of 77","GA"
"G77","Group of 77","GD"
"G77","Group of 77","GH"
"G77","Group of 77","GM"
"G77","Group of 77","GN"
"G77","Group of 77","GT"
"G77","Group of 77","GY"
"G77","Group of 77","HN"
"G77","Group of 77","HT"
"G77","Group of 77","ID"
"G77","Group of 77","IN"
"G77","Group of 77","IQ"
"G77","Group of 77","IR"
"G77","Group of 77","JM"
"G77","Group of 77","JO"
"G77","Group of 77","KE"
"G77","Group of 77","KH"
"G77","Group of 77","KI"
"G77","Group of 77","KM"
"G77","Group of 77","KN"
"G77","Group of 77","KP"
"G77","Group of 77","KW"
"G77","Group of 77","LA"
"G77","Group of 77","LB"
"G77","Group of 77","LC"
"G77","Group of 77","LK"
"G77","Group of 77","LR"
"G77","Group of 77","LS"
"G77","Group of 77","LY"
"G77","Group of 77","MA"
"G77","Group of 77","MG"
"G77","Group of 77","MH"
"G77","Group of 77","ML"
"G77","Group of 77","MM"
"G77","Group of 77","MN"
"G77","Group of 77","MR"
"G77","Group of 77","MU"
"G77","Group of 77","MV"
"G77","Group of 77","MW"
"G77","Group of 77","MY"
"G77","Group of 77","MZ"
"G77","Group of 77","NA"
"G77","Group of 77","NE"
"G77","Group of 77","NI"
"G77","Group of 77","NP"
"G77","Group of 77","NR"
"G77","Group of 77","OM"
"G77","Group of 77","PA"
"G77","Group of 77","PE"
"G77","Group of 77","PH"
"G77","Group of 77","PK"
"G77","Group of 77","PS"
"G77","Group of 77","PY"
"G77","Group of 77","QA"
"G77","Group of 77","RW"
"G77","Group of 77","SA"
"G77","Group of 77","SB"
"G77","Group of 77","SC"
"G77","Group of 77","SD"
"G77","Group of 77","SG"
"G77","Group of 77","SL"
"G77","Group of 77","SN"
"G77","Group of 77","SR"
"G77","Group of 77","ST"
"G77","Group of 77","SV"
"G77","Group of 77","SY"
"G77","Group of 77","SZ"
"G77","Group of 77","TD"
"G77","Group of 77","TG"
"G77","Group of 77","TH"
"G77","Group of 77","TJ"
"G77","Group of 77","TL"
"G77","Group of 77","TM"
"G77","Group of 77","TN"
"G77","Group of 77","TO"
"G77","Group of 77","TT"
"G77","Group of 77","TZ"
"G77","Group of 77","UG"
"G77","Group of 77","UY"
"G77","Group of 77","VC"
"G77","Group of 77","VE"
"G77","Group of 77","VN"
"G77","Group of 77","VU"
"G77","Group of 77","WS"
"G77","Group of 77","YE"
"G77","Group of 77","ZA"
"G77","Group of 77","ZM"
"G77","Group of 77","ZW"
"G8+5","Group of Eight + Five","BR"
"G8+5","Group of Eight + Five","CA"
"G8+5","Group of Eight + Five","CN"
"G8+5","Group of Eight + Five","DE"
"G8+5","Group of Eight + Five","FR"
"G8+5","Group of Eight + Five","GB"
"G8+5","Group of Eight + Five","IN"
"G8+5","Group of Eight + Five","IT"
"G8+5","Group of Eight + Five","JP"
"G8+5","Group of Eight + Five","MX"
"G8+5","Group of Eight + Five","RU"
"G8+5","Group of Eight + Five","US"
"G8+5","Group of Eight + Five","ZA"
"GAS","GAS","AT"
"GAS","GAS","CH"
"GAS","GAS","DE"
"Greater China","Greater China","CN"
"Greater China","Greater China","HK"
"Greater China","Greater China","MO"
"Greater China","Greater China","TW"
"Gulf Cooperation Council","Gulf Cooperation Council","AE"
"Gulf Cooperation Council","Gulf Cooperation Council","BH"
"Gulf Cooperation Council","Gulf Cooperation Council","KW"
"Gulf Cooperation Council","Gulf Cooperation Council","OM"
"Gulf Cooperation Council","Gulf Cooperation Council","QA"
"Gulf Cooperation Council","Gulf Cooperation Council","SA"
"IBSA","India, Brazil and South Africa","BR"
"IBSA","India, Brazil and South Africa","IN"
"IBSA","India, Brazil and South Africa","ZA"
"Levant","Levant","CY"
"Levant","Levant","IL"
"Levant","Levant","JO"
"Levant","Levant","LB"
"Levant","Levant","PS"
"Levant","Levant","SY"
"MEA","Middle East and Africa","AE"
"MEA","Middle East and Africa","AO"
"MEA","Middle East and Africa","BF"
"MEA","Middle East and Africa","BH"
"MEA","Middle East and Africa","BI"
"MEA","Middle East and Africa","BJ"
"MEA","Middle East and Africa","BW"
"MEA","Middle East and Africa","CF"
"MEA","Middle East and Africa","CG"
"MEA","Middle East and Africa","CI"
"MEA","Middle East and Africa","CM"
"MEA","Middle East and Africa","CV"
"MEA","Middle East and Africa","DJ"
"MEA","Middle East and Africa","DZ"
"MEA","Middle East and Africa","EG"
"MEA","Middle East and Africa","ER"
"MEA","Middle East and Africa","ET"
"MEA","Middle East and Africa","GA"
"MEA","Middle East and Africa","GH"
"MEA","Middle East and Africa","GM"
"MEA","Middle East and Africa","GN"
"MEA","Middle East and Africa","IL"
"MEA","Middle East and Africa","IQ"
"MEA","Middle East and Africa","IR"
"MEA","Middle East and Africa","JO"
"MEA","Middle East and Africa","KE"
"MEA","Middle East and Africa","KM"
"MEA","Middle East and Africa","KW"
"MEA","Middle East and Africa","LB"
"MEA","Middle East and Africa","LR"
"MEA","Middle East and Africa","LS"
"MEA","Middle East and Africa","LY"
"MEA","Middle East and Africa","MA"
"MEA","Middle East and Africa","MG"
"MEA","Middle East and Africa","ML"
"MEA","Middle East and Africa","MR"
"MEA","Middle East and Africa","MU"
"MEA","Middle East and Africa","MW"
"MEA","Middle East and Africa","MZ"
"MEA","Middle East and Africa","NA"
"MEA","Middle East and Africa","NE"
"MEA","Middle East and Africa","OM"
"MEA","Middle East and Africa","QA"
"MEA","Middle East and Africa","RW"
"MEA","Middle East and Africa","SA"
"MEA","Middle East and Africa","SC"
"MEA","Middle East and Africa","SD"
"MEA","Middle East and Africa","SL"
"MEA","Middle East and Africa","SN"
"MEA","Middle East and Africa","ST"
"MEA","Middle East and Africa","SY"
"MEA","Middle East and Africa","SZ"
"MEA","Middle East and Africa","TD"
"MEA","Middle East and Africa","TG"
"MEA","Middle East and Africa","TN"
"MEA","Middle East and Africa","TR"
"MEA","Middle East and Africa","TZ"
"MEA","Middle East and Africa","UG"
"MEA","Middle East and Africa","YE"
"MEA","Middle East and Africa","ZA"
"MEA","Middle East and Africa","ZM"
"MEA","Middle East and Africa","ZW"
"MENA","Middle East and North Africa","AE"
"MENA","Middle East and North Africa","BH"
"MENA","Middle East and North Africa","DZ"
"MENA","Middle East and North Africa","EG"
"MENA","Middle East and North Africa","EH"
"MENA","Middle East and North Africa","IL"
"MENA","Middle East and North Africa","IQ"
"MENA","Middle East and North Africa","IR"
"MENA","Middle East and North Africa","JO"
"MENA","Middle East and North Africa","KW"
"MENA","Middle East and North Africa","LB"
"MENA","Middle East and North Africa","LY"
"MENA","Middle East and North Africa","MA"
"MENA","Middle East and North Africa","OM"
"MENA","Middle East and North Africa","QA"
"MENA","Middle East and North Africa","SA"
"MENA","Middle East and North Africa","SD"
"MENA","Middle East and North Africa","SY"
"MENA","Middle East and North Africa","TN"
"MENA","Middle East and North Africa","TR"
"MENA","Middle East and North Africa","YE"
"MEP","Middle East and Pakistan","AE"
"MEP","Middle East and Pakistan","BH"
"MEP","Middle East and Pakistan","EG"
"MEP","Middle East and Pakistan","IL"
"MEP","Middle East and Pakistan","IQ"
"MEP","Middle East and Pakistan","IR"
"MEP","Middle East and Pakistan","JO"
"MEP","Middle East and Pakistan","KW"
"MEP","Middle East and Pakistan","LB"
"MEP","Middle East and Pakistan","LY"
"MEP","Middle East and Pakistan","OM"
"MEP","Middle East and Pakistan","QA"
"MEP","Middle East and Pakistan","SA"
"MEP","Middle East and Pakistan","SY"
"MEP","Middle East and Pakistan","TR"
"MEP","Middle East and Pakistan","YE"
"Mercosur","Southern Common Market","AR"
"Mercosur","Southern Common Market","BO"
"Mercosur","Southern Common Market","BR"
"Mercosur","Southern Common Market","CL"
"Mercosur","Southern Common Market","CO"
"Mercosur","Southern Common Market","EC"
"Mercosur","Southern Common Market","GY"
"Mercosur","Southern Common Market","PE"
"Mercosur","Southern Common Market","PY"
"Mercosur","Southern Common Market","SR"
"Mercosur","Southern Common Market","UY"
"META","Middle East, Turkey and Africa","AE"
"META","Middle East, Turkey and Africa","AO"
"META","Middle East, Turkey and Africa","BF"
"META","Middle East, Turkey and Africa","BH"
"META","Middle East, Turkey and Africa","BI"
"META","Middle East, Turkey and Africa","BJ"
"META","Middle East, Turkey and Africa","BW"
"META","Middle East, Turkey and Africa","CF"
"META","Middle East, Turkey and Africa","CG"
"META","Middle East, Turkey and Africa","CI"
"META","Middle East, Turkey and Africa","CM"
"META","Middle East, Turkey and Africa","CV"
"META","Middle East, Turkey and Africa","DJ"
"META","Middle East, Turkey and Africa","DZ"
"META","Middle East, Turkey and Africa","EG"
"META","Middle East, Turkey and Africa","ER"
"META","Middle East, Turkey and Africa","ET"
"META","Middle East, Turkey and Africa","GA"
"META","Middle East, Turkey and Africa","GH"
"META","Middle East, Turkey and Africa","GM"
"META","Middle East, Turkey and Africa","GN"
"META","Middle East, Turkey and Africa","IL"
"META","Middle East, Turkey and Africa","IQ"
"META","Middle East, Turkey and Africa","IR"
"META","Middle East, Turkey and Africa","JO"
"META","Middle East, Turkey and Africa","KE"
"META","Middle East, Turkey and Africa","KM"
"META","Middle East, Turkey and Africa","KW"
"META","Middle East, Turkey and Africa","LB"
"META","Middle East, Turkey and Africa","LR"
"META","Middle East, Turkey and Africa","LS"
"META","Middle East, Turkey and Africa","LY"
"META","Middle East, Turkey and Africa","MA"
"META","Middle East, Turkey and Africa","MG"
"META","Middle East, Turkey and Africa","ML"
"META","Middle East, Turkey and Africa","MR"
"META","Middle East, Turkey and Africa","MU"
"META","Middle East, Turkey and Africa","MW"
"META","Middle East, Turkey and Africa","MZ"
"META","Middle East, Turkey and Africa","NA"
"META","Middle East, Turkey and Africa","NE"
"META","Middle East, Turkey and Africa","OM"
"META","Middle East, Turkey and Africa","QA"
"META","Middle East, Turkey and Africa","RW"
"META","Middle East, Turkey and Africa","SA"
"META","Middle East, Turkey and Africa","SC"
"META","Middle East, Turkey and Africa","SD"
"META","Middle East, Turkey and Africa","SL"
"META","Middle East, Turkey and Africa","SN"
"META","Middle East, Turkey and Africa","ST"
"META","Middle East, Turkey and Africa","SY"
"META","Middle East, Turkey and Africa","SZ"
"META","Middle East, Turkey and Africa","TD"
"META","Middle East, Turkey and Africa","TG"
"META","Middle East, Turkey and Africa","TN"
"META","Middle East, Turkey and Africa","TR"
"META","Middle East, Turkey and Africa","TZ"
"META","Middle East, Turkey and Africa","UG"
"META","Middle East, Turkey and Africa","YE"
"META","Middle East, Turkey and Africa","ZA"
"META","Middle East, Turkey and Africa","ZM"
"META","Middle East, Turkey and Africa","ZW"
"MIKTA","Mexico, Indonesia, Republic of Korea, Turkey and Australia","AU"
"MIKTA","Mexico, Indonesia, Republic of Korea, Turkey and Australia","ID"
"MIKTA","Mexico, Indonesia, Republic of Korea, Turkey and Australia","KR"
"MIKTA","Mexico, Indonesia, Republic of Korea, Turkey and Australia","MX"
"MIKTA","Mexico, Indonesia, Republic of Korea, Turkey and Australia","TR"
"MINT","Mexico, Indonesia, Nigeria, and Turkey","ID"
"MINT","Mexico, Indonesia, Nigeria, and Turkey","MX"
"MINT","Mexico, Indonesia, Nigeria, and Turkey","NE"
"MINT","Mexico, Indonesia, Nigeria, and Turkey","TR"
"N11","Next Eleven","BD"
"NAFTA","North American Free Trade Agreement","CA"
"NAFTA","North American Free Trade Agreement","MX"
"NAFTA","North American Free Trade Agreement","US"
"NALA","North America and Latin America","AG"
"NALA","North America and Latin America","AI"
"NALA","North America and Latin America","AR"
"NALA","North America and Latin America","AW"
"NALA","North America and Latin America","BB"
"NALA","North America and Latin America","BL"
"NALA","North America and Latin America","BM"
"NALA","North America and Latin America","BO"
"NALA","North America and Latin America","BQ"
"NALA","North America and Latin America","BR"
"NALA","North America and Latin America","BS"
"NALA","North America and Latin America","BZ"
"NALA","North America and Latin America","CA"
"NALA","North America and Latin America","CL"
"NALA","North America and Latin America","CO"
"NALA","North America and Latin America","CR"
"NALA","North America and Latin America","CU"
"NALA","North America and Latin America","CW"
"NALA","North America and Latin America","DM"
"NALA","North America and Latin America","EC"
"NALA","North America and Latin America","FR"
"NALA","North America and Latin America","GD"
"NALA","North America and Latin America","GL"
"NALA","North America and Latin America","GN"
"NALA","North America and Latin America","GP"
"NALA","North America and Latin America","GT"
"NALA","North America and Latin America","HN"
"NALA","North America and Latin America","HT"
"NALA","North America and Latin America","JM"
"NALA","North America and Latin America","KN"
"NALA","North America and Latin America","KY"
"NALA","North America and Latin America","LC"
"NALA","North America and Latin America","MF"
"NALA","North America and Latin America","MQ"
"NALA","North America and Latin America","MS"
"NALA","North America and Latin America","MX"
"NALA","North America and Latin America","NI"
"NALA","North America and Latin America","NL"
"NALA","North America and Latin America","PA"
"NALA","North America and Latin America","PE"
"NALA","North America and Latin America","PM"
"NALA","North America and Latin America","PR"
"NALA","North America and Latin America","PY"
"NALA","North America and Latin America","SV"
"NALA","North America and Latin America","SX"
"NALA","North America and Latin America","TC"
"NALA","North America and Latin America","TT"
"NALA","North America and Latin America","US"
"NALA","North America and Latin America","UY"
"NALA","North America and Latin America","VC"
"NALA","North America and Latin America","VE"
"NALA","North America and Latin America","VG"
"OAS","Organization of American States","AG"
"OAS","Organization of American States","AR"
"OAS","Organization of American States","BB"
"OAS","Organization of American States","BO"
"OAS","Organization of American States","BR"
"OAS","Organization of American States","BS"
"OAS","Organization of American States","BZ"
"OAS","Organization of American States","CA"
"OAS","Organization of American States","CL"
"OAS","Organization of American States","CO"
"OAS","Organization of American States","CR"
"OAS","Organization of American States","CU"
"OAS","Organization of American States","DM"
"OAS","Organization of American States","EC"
"OAS","Organization of American States","GD"
"OAS","Organization of American States","GT"
"OAS","Organization of American States","GY"
"OAS","Organization of American States","HN"
"OAS","Organization of American States","HT"
"OAS","Organization of American States","JM"
"OAS","Organization of American States","KN"
"OAS","Organization of American States","LC"
"OAS","Organization of American States","MX"
"OAS","Organization of American States","NI"
"OAS","Organization of American States","PA"
"OAS","Organization of American States","PE"
"OAS","Organization of American States","PY"
"OAS","Organization of American States","SR"
"OAS","Organization of American States","SV"
"OAS","Organization of American States","TT"
"OAS","Organization of American States","US"
"OAS","Organization of American States","UY"
"OAS","Organization of American States","VC"
"OAS","Organization of American States","VE"
"OECD","Organisation for Economic Co-operation and Development","AT"
"OECD","Organisation for Economic Co-operation and Development","AU"
"OECD","Organisation for Economic Co-operation and Development","BE"
"OECD","Organisation for Economic Co-operation and Development","CA"
"OECD","Organisation for Economic Co-operation and Development","CH"
"OECD","Organisation for Economic Co-operation and Development","CL"
"OECD","Organisation for Economic Co-operation and Development","CO"
"OECD","Organisation for Economic Co-operation and Development","CZ"
"OECD","Organisation for Economic Co-operation and Development","DE"
"OECD","Organisation for Economic Co-operation and Development","DK"
"OECD","Organisation for Economic Co-operation and Development","EE"
"OECD","Organisation for Economic Co-operation and Development","ES"
"OECD","Organisation for Economic Co-operation and Development","FI"
"OECD","Organisation for Economic Co-operation and Development","FR"
"OECD","Organisation for Economic Co-operation and Development","GB"
"OECD","Organisation for Economic Co-operation and Development","GR"
"OECD","Organisation for Economic Co-operation and Development","HU"
"OECD","Organisation for Economic Co-operation and Development","IE"
"OECD","Organisation for Economic Co-operation and Development","IL"
"OECD","Organisation for Economic Co-operation and Development","IS"
"OECD","Organisation for Economic Co-operation and Development","IT"
"OECD","Organisation for Economic Co-operation and Development","JP"
"OECD","Organisation for Economic Co-operation and Development","KR"
"OECD","Organisation for Economic Co-operation and Development","LT"
"OECD","Organisation for Economic Co-operation and Development","LU"
"OECD","Organisation for Economic Co-operation and Development","LV"
"OECD","Organisation for Economic Co-operation and Development","MX"
"OECD","Organisation for Economic Co-operation and Development","NL"
"OECD","Organisation for Economic Co-operation and Development","NO"
"OECD","Organisation for Economic Co-operation and Development","NZ"
"OECD","Organisation for Economic Co-operation and Development","PL"
"OECD","Organisation for Economic Co-operation and Development","PT"
"OECD","Organisation for Economic Co-operation and Development","SE"
"OECD","Organisation for Economic Co-operation and Development","SI"
"OECD","Organisation for Economic Co-operation and Development","SK"
"OECD","Organisation for Economic Co-operation and Development","TR"
"OECD","Organisation for Economic Co-operation and Development","US"
"OPEC","Organization of the Petroleum Exporting Countries","AE"
"OPEC","Organization of the Petroleum Exporting Countries","AO"
"OPEC","Organization of the Petroleum Exporting Countries","CG"
"OPEC","Organization of the Petroleum Exporting Countries","DZ"
"OPEC","Organization of the Petroleum Exporting Countries","GA"
"OPEC","Organization of the Petroleum Exporting Countries","GN"
"OPEC","Organization of the Petroleum Exporting Countries","IQ"
"OPEC","Organization of the Petroleum Exporting Countries","IR"
"OPEC","Organization of the Petroleum Exporting Countries","KW"
"OPEC","Organization of the Petroleum Exporting Countries","LY"
"OPEC","Organization of the Petroleum Exporting Countries","NE"
"OPEC","Organization of the Petroleum Exporting Countries","SA"
"OPEC","Organization of the Petroleum Exporting Countries","VE"
"P5","Permanent Members of the United Nations Security Council","CN"
"P5","Permanent Members of the United Nations Security Council","FR"
"P5","Permanent Members of the United Nations Security Council","GB"
"P5","Permanent Members of the United Nations Security Council","RU"
"P5","Permanent Members of the United Nations Security Council","US"
"Pacific Alliance","Pacific Alliance","AU"
"Pacific Alliance","Pacific Alliance","CA"
"Pacific Alliance","Pacific Alliance","CL"
"Pacific Alliance","Pacific Alliance","CO"
"Pacific Alliance","Pacific Alliance","MX"
"Pacific Alliance","Pacific Alliance","NZ"
"Pacific Alliance","Pacific Alliance","PE"
"Pacific Alliance","Pacific Alliance","SG"
"PIGS","PIGS","ES"
"PIGS","PIGS","GR"
"PIGS","PIGS","IT"
"PIGS","PIGS","PT"
"RCEP","Regional Comprehensive Economic Partnership","AU"
"RCEP","Regional Comprehensive Economic Partnership","BN"
"RCEP","Regional Comprehensive Economic Partnership","CN"
"RCEP","Regional Comprehensive Economic Partnership","ID"
"RCEP","Regional Comprehensive Economic Partnership","JA"
"RCEP","Regional Comprehensive Economic Partnership","KH"
"RCEP","Regional Comprehensive Economic Partnership","KR"
"RCEP","Regional Comprehensive Economic Partnership","LA"
"RCEP","Regional Comprehensive Economic Partnership","MM"
"RCEP","Regional Comprehensive Economic Partnership","MY"
"RCEP","Regional Comprehensive Economic Partnership","NZ"
"RCEP","Regional Comprehensive Economic Partnership","PH"
"RCEP","Regional Comprehensive Economic Partnership","SG"
"RCEP","Regional Comprehensive Economic Partnership","TH"
"RCEP","Regional Comprehensive Economic Partnership","VN"
"Rio Group","Rio Group","AR"
"Rio Group","Rio Group","BO"
"Rio Group","Rio Group","BR"
"Rio Group","Rio Group","BZ"
"Rio Group","Rio Group","CL"
"Rio Group","Rio Group","CO"
"Rio Group","Rio Group","CR"
"Rio Group","Rio Group","CU"
"Rio Group","Rio Group","DM"
"Rio Group","Rio Group","EC"
"Rio Group","Rio Group","GT"
"Rio Group","Rio Group","GY"
"Rio Group","Rio Group","HN"
"Rio Group","Rio Group","HT"
"Rio Group","Rio Group","JM"
"Rio Group","Rio Group","MX"
"Rio Group","Rio Group","NI"
"Rio Group","Rio Group","PA"
"Rio Group","Rio Group","PE"
"Rio Group","Rio Group","PY"
"Rio Group","Rio Group","SR"
"Rio Group","Rio Group","SV"
"Rio Group","Rio Group","UY"
"Rio Group","Rio Group","VE"
"SAARC","South Asian Association for Regional Cooperation","AF"
"SAARC","South Asian Association for Regional Cooperation","BD"
"SAARC","South Asian Association for Regional Cooperation","BT"
"SAARC","South Asian Association for Regional Cooperation","IN"
"SAARC","South Asian Association for Regional Cooperation","LK"
"SAARC","South Asian Association for Regional Cooperation","MV"
"SAARC","South Asian Association for Regional Cooperation","NP"
"SAARC","South Asian Association for Regional Cooperation","PK"
"SCO","Shanghai Cooperation Organisation","CN"
"SCO","Shanghai Cooperation Organisation","IN"
"SCO","Shanghai Cooperation Organisation","KG"
"SCO","Shanghai Cooperation Organisation","KZ"
"SCO","Shanghai Cooperation Organisation","PK"
"SCO","Shanghai Cooperation Organisation","RU"
"SCO","Shanghai Cooperation Organisation","TJ"
"SCO","Shanghai Cooperation Organisation","UZ"
"SEA","South-East Asia","BN"
"SEA","South-East Asia","CC"
"SEA","South-East Asia","CX"
"SEA","South-East Asia","ID"
"SEA","South-East Asia","KH"
"SEA","South-East Asia","LA"
"SEA","South-East Asia","MM"
"SEA","South-East Asia","MY"
"SEA","South-East Asia","PH"
"SEA","South-East Asia","SG"
"SEA","South-East Asia","TH"
"SEA","South-East Asia","TL"
"SEA","South-East Asia","VN"
"UN","United Nations","AD"
"UN","United Nations","AE"
"UN","United Nations","AF"
"UN","United Nations","AG"
"UN","United Nations","AL"
"UN","United Nations","AM"
"UN","United Nations","AO"
"UN","United Nations","AR"
"UN","United Nations","AT"
"UN","United Nations","AU"
"UN","United Nations","AZ"
"UN","United Nations","BA"
"UN","United Nations","BB"
"UN","United Nations","BD"
"UN","United Nations","BE"
"UN","United Nations","BF"
"UN","United Nations","BG"
"UN","United Nations","BH"
"UN","United Nations","BI"
"UN","United Nations","BJ"
"UN","United Nations","BN"
"UN","United Nations","BO"
"UN","United Nations","BR"
"UN","United Nations","BS"
"UN","United Nations","BT"
"UN","United Nations","BW"
"UN","United Nations","BY"
"UN","United Nations","BZ"
"UN","United Nations","CA"
"UN","United Nations","CD"
"UN","United Nations","CF"
"UN","United Nations","CG"
"UN","United Nations","CH"
"UN","United Nations","CI"
"UN","United Nations","CL"
"UN","United Nations","CM"
"UN","United Nations","CN"
"UN","United Nations","CO"
"UN","United Nations","CR"
"UN","United Nations","CU"
"UN","United Nations","CV"
"UN","United Nations","CY"
"UN","United Nations","CZ"
"UN","United Nations","DE"
"UN","United Nations","DJ"
"UN","United Nations","DK"
"UN","United Nations","DM"
"UN","United Nations","DZ"
"UN","United Nations","EC"
"UN","United Nations","EE"
"UN","United Nations","EG"
"UN","United Nations","ER"
"UN","United Nations","ES"
"UN","United Nations","ET"
"UN","United Nations","FI"
"UN","United Nations","FJ"
"UN","United Nations","FM"
"UN","United Nations","FR"
"UN","United Nations","GA"
"UN","United Nations","GB"
"UN","United Nations","GD"
"UN","United Nations","GE"
"UN","United Nations","GH"
"UN","United Nations","GM"
"UN","United Nations","GN"
"UN","United Nations","GR"
"UN","United Nations","GT"
"UN","United Nations","GY"
"UN","United Nations","HN"
"UN","United Nations","HR"
"UN","United Nations","HT"
"UN","United Nations","HU"
"UN","United Nations","ID"
"UN","United Nations","IE"
"UN","United Nations","IL"
"UN","United Nations","IN"
"UN","United Nations","IQ"
"UN","United Nations","IR"
"UN","United Nations","IS"
"UN","United Nations","IT"
"UN","United Nations","JM"
"UN","United Nations","JO"
"UN","United Nations","JP"
"UN","United Nations","KE"
"UN","United Nations","KG"
"UN","United Nations","KH"
"UN","United Nations","KI"
"UN","United Nations","KM"
"UN","United Nations","KN"
"UN","United Nations","KP"
"UN","United Nations","KR"
"UN","United Nations","KW"
"UN","United Nations","KZ"
"UN","United Nations","LA"
"UN","United Nations","LB"
"UN","United Nations","LC"
"UN","United Nations","LI"
"UN","United Nations","LK"
"UN","United Nations","LR"
"UN","United Nations","LS"
"UN","United Nations","LT"
"UN","United Nations","LU"
"UN","United Nations","LV"
"UN","United Nations","LY"
"UN","United Nations","MA"
"UN","United Nations","MC"
"UN","United Nations","MD"
"UN","United Nations","ME"
"UN","United Nations","MG"
"UN","United Nations","MH"
"UN","United Nations","MK"
"UN","United Nations","ML"
"UN","United Nations","MM"
"UN","United Nations","MN"
"UN","United Nations","MR"
"UN","United Nations","MT"
"UN","United Nations","MU"
"UN","United Nations","MV"
"UN","United Nations","MW"
"UN","United Nations","MX"
"UN","United Nations","MY"
"UN","United Nations","MZ"
"UN","United Nations","NA"
"UN","United Nations","NE"
"UN","United Nations","NI"
"UN","United Nations","NL"
"UN","United Nations","NO"
"UN","United Nations","NP"
"UN","United Nations","NR"
"UN","United Nations","NZ"
"UN","United Nations","OM"
"UN","United Nations","PA"
"UN","United Nations","PE"
"UN","United Nations","PH"
"UN","United Nations","PK"
"UN","United Nations","PL"
"UN","United Nations","PT"
"UN","United Nations","PW"
"UN","United Nations","PY"
"UN","United Nations","QA"
"UN","United Nations","RS"
"UN","United Nations","RU"
"UN","United Nations","RW"
"UN","United Nations","SA"
"UN","United Nations","SB"
"UN","United Nations","SC"
"UN","United Nations","SD"
"UN","United Nations","SE"
"UN","United Nations","SG"
"UN","United Nations","SI"
"UN","United Nations","SK"
"UN","United Nations","SL"
"UN","United Nations","SM"
"UN","United Nations","SN"
"UN","United Nations","SR"
"UN","United Nations","SS"
"UN","United Nations","ST"
"UN","United Nations","SV"
"UN","United Nations","SY"
"UN","United Nations","SZ"
"UN","United Nations","TD"
"UN","United Nations","TG"
"UN","United Nations","TH"
"UN","United Nations","TJ"
"UN","United Nations","TL"
"UN","United Nations","TM"
"UN","United Nations","TN"
"UN","United Nations","TO"
"UN","United Nations","TR"
"UN","United Nations","TT"
"UN","United Nations","TV"
"UN","United Nations","TZ"
"UN","United Nations","UA"
"UN","United Nations","UG"
"UN","United Nations","US"
"UN","United Nations","UY"
"UN","United Nations","UZ"
"UN","United Nations","VC"
"UN","United Nations","VE"
"UN","United Nations","VN"
"UN","United Nations","VU"
"UN","United Nations","WS"
"UN","United Nations","YE"
"UN","United Nations","ZA"
"UN","United Nations","ZM"
"UN","United Nations","ZW"
"V4","Visegrd Group","CZ"
"V4","Visegrd Group","HU"
"V4","Visegrd Group","PL"
"V4","Visegrd Group","SK"
"VISTA","Vietnam, Indonesia, South Africa, Turkey and Argentina","AR"
"VISTA","Vietnam, Indonesia, South Africa, Turkey and Argentina","ID"
"VISTA","Vietnam, Indonesia, South Africa, Turkey and Argentina","TR"
"VISTA","Vietnam, Indonesia, South Africa, Turkey and Argentina","VN"
"VISTA","Vietnam, Indonesia, South Africa, Turkey and Argentina","ZA"
